id_jogo_cbf,data_jogo,time_mandante,time_visitante,estadio,competicao,publico_pagante,publico_nao_pagante,publico_total,receita_bruta_total,despesa_total,resultado_liquido,caminho_pdf_local,data_processamento,status,log_erro
14210b_2025,2025-03-29,JUVENTUDE - RS,VITÓRIA - BA,ALFREDO JACONI - CAXIAS DO SUL - RS,CAMPEONATO BRASILEIRO SÉRIE A,6547,0,6547,220000.0,99352.77,120647.23,pdfs\14210b_2025.pdf,2025-05-03,Sucesso,
14211b_2025,2025-04-06,FLUMINENSE FC,RED BULL BRAGANTIΙΝΟ,Maracanã,CAMPEONATO BRASILEIRO SÉRIE A 2025,19729,938,20667,866231.5,1093955.18,-227723.68,pdfs\14211b_2025.pdf,2025-05-03,Sucesso,
14212b_2025,2025-04-05,SAF BOTAFOGO,EC JUVENTUDE,Nilton Santos,CAMPEONATO BRASILEIRO SÉRIE A 2025,10030,970,11000,555450.0,735193.61,-179743.61,pdfs\14212b_2025.pdf,2025-05-03,Sucesso,
14213b_2025,2025-05-04,Corinthians,Vasco da Gama SAF (RJ),Neo Química Arena,Brasileiro - Série A,42969,0,42969,2958819.7,1121464.67,1837355.03,pdfs\14213b_2025.pdf,2025-05-03,Sucesso,
14214b_2025,2025-04-06,Santos,Bahia SAF (BA),Urbano Caldeira,Brasileiro - Série A,8796,0,8796,499201.25,375672.65,123528.6,pdfs\14214b_2025.pdf,2025-05-03,Sucesso,
14215b_2025,2025-04-06,Mirassol,Fortaleza (CE),José Maria de Campos Maia,Brasileiro - Série A,4354,0,4354,113360.0,129300.6,-15940.6,pdfs\14215b_2025.pdf,2025-05-03,Sucesso,
14216b_2025,2025-04-06,ATLÉTICO MINEIRO SAF - MG,SÃO PAULO - SP,MINEIRÃO - BELO HORIZONTE - MG,CAMPEONATO BRASILEIRO SÉRIE A,28415,248,28663,1507606.5,898650.34,608956.16,pdfs\14216b_2025.pdf,2025-05-03,Sucesso,
14217b_2025,2025-06-04,INTERNACIONAL - RS,CRUZEIRO SAF - MG,BEIRA-RIO - PORTO ALEGRE - RS,CAMPEONATO BRASILEIRO SÉRIE A,32310,0,32310,1628212.0,400022.45,1228189.55,pdfs\14217b_2025.pdf,2025-05-03,Sucesso,
14218b_2025,2025-06-04,VITÓRIA - BA,FLAMENGO - RJ,MANOEL BARRADAS - SALVADOR - BA,CAMPEONATO BRASILEIRO SÉRIE A,29387,0,29387,1117870.0,591660.52,526209.48,pdfs\14218b_2025.pdf,2025-05-03,Sucesso,
14219b_2025,2025-05-04,CEARÁ - CE,GRÊMIO - RS,ARENA CASTELÃO - FORTALEZA - CE,CAMPEONATO BRASILEIRO SÉRIE A,26777,70,26847,472985.0,344598.07,128386.93,pdfs\14219b_2025.pdf,2025-05-03,Sucesso,
14220b_2025,2025-04-06,SPORT - PE,PALMEIRAS - SP,ILHA DO RETIRO - RECIFE - PE,CAMPEONATO BRASILEIRO SÉRIE A,26324,1101,27425,1577490.0,551624.85,1025865.15,pdfs\14220b_2025.pdf,2025-05-03,Sucesso,
14221b_2025,2025-04-13,FLUMINENSE FC,SANTOS FC,Maracanã,CAMPEONATO BRASILEIRO SÉRIE A 2025,46172,1345,47517,2031750.0,1272903.18,732287.18,pdfs\14221b_2025.pdf,2025-05-03,Sucesso,
14222b_2025,2025-04-12,VASCO DA GAMA SAF,SPORT - PE,São Januário,CAMPEONATO BRASILEIRO SÉRIE A 2025,15969,660,16629,1091256.0,720836.34,370419.66,pdfs\14222b_2025.pdf,2025-05-03,Sucesso,
14223b_2025,2025-04-12,Palmeiras,Corinthians,Arena Barueri,Brasileiro - Série A,19297,0,19297,1172275.0,524173.35,648101.65,pdfs\14223b_2025.pdf,2025-05-03,Sucesso,
14224b_2025,2025-04-13,São Paulo,Cruzeiro SAF (MG),MorumBIS,Brasileiro - Série A,37566,0,37566,1834528.0,693773.63,1140754.37,pdfs\14224b_2025.pdf,2025-05-03,Sucesso,
14225b_2025,2025-04-12,Red Bull Bragantino,SAF Botafogo (RJ),Nabi Abi Chedid,Brasileiro - Série A,5154,0,5154,197980.0,180852.44,17127.56,pdfs\14225b_2025.pdf,2025-05-03,Sucesso,
14226b_2025,2025-04-13,ATLÉTICO MINEIRO SAF - MG,VITÓRIA - BA,MINEIRÃO - BELO HORIZONTE - MG,CAMPEONATO BRASILEIRO SÉRIE A,23234,82,23316,603066.13,634360.98,-31294.85,pdfs\14226b_2025.pdf,2025-05-03,Sucesso,
14227b_2025,2025-04-13,GRÊMIO - RS,FLAMENGO - RJ,ARENA DO GRÊMIO - PORTO ALEGRE - RS,CAMPEONATO BRASILEIRO SÉRIE A,23063,1868,24931,1434289.0,440060.1,994228.9,pdfs\14227b_2025.pdf,2025-05-03,Sucesso,
14228b_2025,2025-04-13,BAHIA - BA,MIRASSOL - SP,ARENA FONTE NOVA - SALVADOR - BA,CAMPEONATO BRASILEIRO SÉRIE A,39575,0,39575,1323694.0,1074788.89,248905.11,pdfs\14228b_2025.pdf,2025-05-03,Sucesso,
14229b_2025,2025-04-13,FORTALEZA EC SAF - CE,INTERNACIONAL - RS,ARENA CASTELÃO - FORTALEZA - CE,CAMPEONATO BRASILEIRO SÉRIE A,16221,366,16587,169233.0,320502.25,-151269.25,pdfs\14229b_2025.pdf,2025-05-03,Sucesso,
14230b_2025,2025-04-12,JUVENTUDE - RS,CEARÁ - CE,ALFREDO JACONI - CAXIAS DO SUL - RS,CAMPEONATO BRASILEIRO SÉRIE A,6821,0,6821,351700.0,112334.84,239365.16,pdfs\14230b_2025.pdf,2025-05-03,Sucesso,
14231b_2025,2025-04-16,CR FLAMENGO,EC JUVENTUDE,Maracanã,CAMPEONATO BRASILEIRO SÉRIE A 2025,31445,824,32269,2296245.0,1371626.0,892257.33,pdfs\14231b_2025.pdf,2025-05-03,Sucesso,
14232b_2025,2025-04-16,SAF BOTAFOGO,SÃO PAULO FC,Nilton Santos,CAMPEONATO BRASILEIRO SÉRIE A 2025,12014,1417,13431,696360.0,903236.48,-206876.48,pdfs\14232b_2025.pdf,2025-05-03,Sucesso,
14233b_2025,2025-04-16,Corinthians,Fluminense (RJ),Neo Química Arena,Brasileiro - Série A,41138,0,41138,2838164.2,1090628.76,1747535.44,pdfs\14233b_2025.pdf,2025-05-03,Sucesso,
14234b_2025,2025-04-16,Santos,Atlético Mineiro SAF (MG),Urbano Caldeira,Brasileiro - Série A,10360,0,10360,712568.75,376020.05,336548.7,pdfs\14234b_2025.pdf,2025-05-03,Sucesso,
14235b_2025,2025-04-16,Mirassol,Grêmio (RS),José Maria de Campos Maia,Brasileiro - Série A,4147,0,4147,124740.0,137626.1,-12886.1,pdfs\14235b_2025.pdf,2025-05-03,Sucesso,
14236b_2025,2025-04-17,CRUZEIRO SAF - MG,BAHIA - BA,MINEIRÃO - BELO HORIZONTE - MG,CAMPEONATO BRASILEIRO SÉRIE A,26557,47,26604,1075658.0,598343.15,477314.85,pdfs\14236b_2025.pdf,2025-05-03,Sucesso,
14237b_2025,2025-04-16,INTERNACIONAL - RS,PALMEIRAS - SP,BEIRA-RIO - PORTO ALEGRE - RS,CAMPEONATO BRASILEIRO SÉRIE A,31578,0,31578,1602735.5,382144.59,1220590.91,pdfs\14237b_2025.pdf,2025-05-03,Sucesso,
14238b_2025,2025-04-16,VITÓRIA - BA,FORTALEZA EC SAF - CE,MANOEL BARRADAS - SALVADOR - BA,CAMPEONATO BRASILEIRO SÉRIE A,15052,0,15052,328212.0,332866.04,-4654.04,pdfs\14238b_2025.pdf,2025-05-03,Sucesso,
14239b_2025,2025-04-15,CEARÁ - CE,VASCO DA GAMA S.A.F. - RJ,ARENA CASTELÃO - FORTALEZA - CE,CAMPEONATO BRASILEIRO SÉRIE A,22693,44,22737,479424.0,361327.9,118096.1,pdfs\14239b_2025.pdf,2025-05-03,Sucesso,
14240b_2025,2025-04-16,SPORT - PE,RED BULL BRAGANTINO - SP,ILHA DO RETIRO - RECIFE - PE,CAMPEONATO BRASILEIRO SÉRIE A,12621,926,13547,457205.0,381831.21,75373.79,pdfs\14240b_2025.pdf,2025-05-03,Sucesso,
14241b_2025,2025-04-20,FLUMINENSE FC,EC VITÓRIA,Maracanã,CAMPEONATO BRASILEIRO SÉRIE A 2025,29065,1251,30316,1280457.0,1113918.55,160709.61,pdfs\14241b_2025.pdf,2025-05-03,Sucesso,
14242b_2025,2025-04-19,VASCO DA GAMA SAF,CR FLAMENGO,Maracanã,CAMPEONATO BRASILEIRO SÉRIE A 2025,39027,1223,40007,3306747.0,1740028.63,1504049.64,pdfs\14242b_2025.pdf,2025-05-03,Sucesso,
14243b_2025,2025-04-19,Corinthians,Sport Recife (PE),Neo Química Arena,Brasileiro - Série A,43996,0,43996,3041600.7,1129313.47,1912287.23,pdfs\14243b_2025.pdf,2025-05-03,Sucesso,
14244b_2025,2025-04-20,São Paulo,Santos,MorumBIS,Brasileiro - Série A,52436,0,52436,3157886.0,919446.41,2238439.59,pdfs\14244b_2025.pdf,2025-05-03,Sucesso,
14245b_2025,2025-04-20,Red Bull Bragantino,Cruzeiro SAF (MG),Nabi Abi Chedid,Brasileiro - Série A,6840,0,6840,272765.0,170016.89,102748.11,pdfs\14245b_2025.pdf,2025-05-03,Sucesso,
14246b_2025,2025-04-20,ATLÉTICO MINEIRO SAF - MG,BOTAFOGO - RJ,MINEIRÃO - BELO HORIZONTE - MG,CAMPEONATO BRASILEIRO SÉRIE A,24528,107,24635,889771.68,660934.59,228837.09,pdfs\14246b_2025.pdf,2025-05-03,Sucesso,
14247b_2025,2025-04-19,GRÊMIO - RS,INTERNACIONAL - RS,ARENA DO GRÊMIO - PORTO ALEGRE - RS,CAMPEONATO BRASILEIRO SÉRIE A,26899,1871,28770,1862340.0,516922.99,1345417.01,pdfs\14247b_2025.pdf,2025-05-03,Sucesso,
14248b_2025,2025-04-21,BAHIA - BA,CEARÁ - CE,ARENA FONTE NOVA - SALVADOR - BA,CAMPEONATO BRASILEIRO SÉRIE A,27834,0,27834,787101.0,786851.15,249.85,pdfs\14248b_2025.pdf,2025-05-03,Sucesso,
14249b_2025,2025-04-20,FORTALEZA EC SAF - CE,PALMEIRAS - SP,ARENA CASTELÃO - FORTALEZA - CE,CAMPEONATO BRASILEIRO SÉRIE A,23877,438,24315,683733.0,394278.7,289454.3,pdfs\14249b_2025.pdf,2025-05-03,Sucesso,
14250b_2025,2025-04-20,JUVENTUDE - RS,MIRASSOL - SP,ALFREDO JACONI - CAXIAS DO SUL - RS,CAMPEONATO BRASILEIRO SÉRIE A,5219,0,5219,175570.0,95080.48,80489.52,pdfs\14250b_2025.pdf,2025-05-03,Sucesso,
14251b_2025,,,,,,,,,,pdfs\14251b_2025.pdf,2025-05-03,Erro Analise,An unexpected error occurred: [WinError 10053] Uma conexão estabelecida foi anulada pelo software no computador host
14252b_2025,2025-04-26,SAF BOTAFOGO,FLUMINENSE FC,Nilton Santos,CAMPEONATO BRASILEIRO SÉRIE A 2025,12943,1304,14247,656240.0,896605.5,-240365.5,pdfs\14252b_2025.pdf,2025-05-03,Sucesso,
14256b_2025,2025-04-27,CRUZEIRO SAF - MG,VASCO DA GAMA S.A.F. - RJ,PARQUE DO SABIÁ - UBERLANDIA - MG,CAMPEONATO BRASILEIRO SÉRIE A,15398,4004,19402,1315918.0,206295.03,1109622.97,pdfs\14256b_2025.pdf,2025-05-03,Sucesso,
14257b_2025,2025-04-26,INTERNACIONAL - RS,JUVENTUDE - RS,BEIRA-RIO - PORTO ALEGRE - RS,CAMPEONATO BRASILEIRO SÉRIE A,37336,0,37336,1735379.0,394960.58,1340418.42,pdfs\14257b_2025.pdf,2025-05-03,Sucesso,
14258b_2025,2025-04-27,VITÓRIA - BA,GRÊMIO - RS,MANOEL BARRADAS - SALVADOR - BA,CAMPEONATO BRASILEIRO SÉRIE A,18374,0,18374,437765.0,384840.61,52924.39,pdfs\14258b_2025.pdf,2025-05-03,Sucesso,
14259b_2025,2025-04-26,CEARÁ - CE,SÃO PAULO - SP,ARENA CASTELÃO - FORTALEZA - CE,CAMPEONATO BRASILEIRO SÉRIE A,46929,124,47053,973517.0,534815.48,438701.52,pdfs\14259b_2025.pdf,2025-05-03,Sucesso,
14260b_2025,2025-04-26,SPORT - PE,FORTALEZA EC SAF - CE,ILHA DO RETIRO - RECIFE - PE,CAMPEONATO BRASILEIRO SÉRIE A,13515,927,14442,455975.0,420908.39,35066.61,pdfs\14260b_2025.pdf,2025-05-03,Sucesso,
24210b_2025,2025-04-06,VOLTA REDONDA FC,CUIABÁ EC SAF,Raulino de Oliveira,CAMPEONATO BRASILEIRO SÉRIE B 2025,1442,300,1742,24975.0,53431.81,-28456.81,pdfs\24210b_2025.pdf,2025-05-03,Sucesso,
24211b_2025,2025-04-10,ATHLETICO PARANAENSE - PR,CRICIÚMA - SC,LIGGA ARENA - CURITIBA - PR,CAMPEONATO BRASILEIRO SÉRIE B,14612,0,14612,267355.0,87378.53,179976.47,pdfs\24211b_2025.pdf,2025-05-03,Sucesso,
24212b_2025,2025-04-12,VILA NOVA - GO,PAYSANDU - PA,SERRA DOURADA - GOIANIA - GO,CAMPEONATO BRASILEIRO SÉRIE B,10120,0,10120,102085.0,32486.11,69598.89,pdfs\24212b_2025.pdf,2025-05-03,Sucesso,
24213b_2025,2025-04-10,CUIABÁ SAF - MT,AVAÍ - SC,ARENA PANTANAL - CUIABA - MT,CAMPEONATO BRASILEIRO SÉRIE B,1923,0,1923,25730.0,100243.79,-74513.79,pdfs\24213b_2025.pdf,2025-05-03,Sucesso,
24214b_2025,2025-04-13,REMO - PA,AMERICA SAF - MG,MANGUEIRÃO - BELEM - PA,CAMPEONATO BRASILEIRO SÉRIE B,23765,3574,27339,593785.0,254418.54,339366.46,pdfs\24214b_2025.pdf,2025-05-03,Sucesso,
24215b_2025,2025-04-12,CHAPECOENSE - SC,CORITIBA S.A.F. - PR,ARENA CONDÁ - CHAPECO - SC,CAMPEONATO BRASILEIRO SÉRIE B,6866,250,6866,190740.0,26801.11,163938.89,pdfs\24215b_2025.pdf,2025-05-03,Sucesso,
24216b_2025,2025-04-12,OPERÁRIO - PR,GOIÁS - GO,GERMANO KRUGER - PONTA GROSSA - PR,CAMPEONATO BRASILEIRO SÉRIE B,3962,0,3962,74620.0,67781.29,-25746.57,pdfs\24216b_2025.pdf,2025-05-03,Sucesso,
24217b_2025,2025-04-12,AMAZONAS FC - AM,FERROVIÁRIA - SP,ARENA DA AMAZÔNIA - MANAUS - AM,CAMPEONATO BRASILEIRO SÉRIE B,2512,0,2512,27860.0,71206.66,-43346.66,pdfs\24217b_2025.pdf,2025-05-03,Sucesso,
24218b_2025,2025-04-13,ATHLETIC SAF - MG,CRB - AL,INDEPENDÊNCIA - BELO HORIZONTE - MG,CAMPEONATO BRASILEIRO SÉRIE B,549,0,549,5240.0,137063.25,-131823.25,pdfs\24218b_2025.pdf,2025-05-03,Sucesso,
24219b_2025,2025-04-12,Grêmio Novorizontino,Volta Redonda (RJ),Dr. Jorge Ismael de Biasi,Brasileiro - Série B,1609,0,1609,20530.0,57956.93,-37426.93,pdfs\24219b_2025.pdf,2025-05-03,Sucesso,
2421b_2025,2025-05-04,CORITIBA S.A.F. - PR,VILA NOVA - GO,COUTO PEREIRA - CURITIBA - PR,CAMPEONATO BRASILEIRO SÉRIE B,25651,0,25651,483946.0,244375.4,239570.6,pdfs\2421b_2025.pdf,2025-05-03,Sucesso,
24220b_2025,2025-04-13,Botafogo,Atlético Goianiense SAF (GO),Santa Cruz,Brasileiro - Série B,2220,0,2220,49975.0,83125.22,-33150.22,pdfs\24220b_2025.pdf,2025-05-03,Sucesso,
24221b_2025,2025-04-16,CORITIBA S.A.F. - PR,GREMIO NOVORIZONTINO - SAF - S,COUTO PEREIRA - CURITIBA - PR,CAMPEONATO BRASILEIRO SÉRIE B,22731,0,22731,447035.0,237991.71,209043.29,pdfs\24221b_2025.pdf,2025-05-03,Sucesso,
24222b_2025,2025-04-17,GOIÁS - GO,VILA NOVA - GO,HAILÉ PINHEIRO - GOIANIA - GO,CAMPEONATO BRASILEIRO SÉRIE B,11383,69,11383,187125.0,48209.22,138915.78,pdfs\24222b_2025.pdf,2025-05-03,Sucesso,
24223b_2025,2025-04-15,CUIABÁ SAF - MT,ATHLETICO PARANAENSE - PR,ARENA PANTANAL - CUIABA - MT,CAMPEONATO BRASILEIRO SÉRIE B,2202,0,2202,30520.0,90374.34,-59854.34,pdfs\24223b_2025.pdf,2025-05-03,Sucesso,
24224b_2025,2025-04-16,PAYSANDU - PA,CHAPECOENSE - SC,MANGUEIRÃO - BELEM - PA,CAMPEONATO BRASILEIRO SÉRIE B,11792,0,11792,203460.0,119578.74,83881.26,pdfs\24224b_2025.pdf,2025-05-03,Sucesso,
24225b_2025,2025-04-16,AVAÍ - SC,OPERÁRIO - PR,RESSACADA - FLORIANOPOLIS - SC,CAMPEONATO BRASILEIRO SÉRIE B,5766,377,6143,123762.0,87443.23,36318.77,pdfs\24225b_2025.pdf,2025-05-03,Sucesso,
24226b_2025,2025-04-17,CRICIÚMA - SC,ATHLETIC SAF - MG,HERIBERTO HULSE - CRICIUMA - SC,CAMPEONATO BRASILEIRO SÉRIE B,8043,0,8043,147140.0,220027.88,-72887.88,pdfs\24226b_2025.pdf,2025-05-03,Sucesso,
24227b_2025,2025-04-17,CRB - AL,VOLTA REDONDA - RJ,REI PELÉ - MACEIO - AL,CAMPEONATO BRASILEIRO SÉRIE B,7585,1793,9378,96451.0,94668.57,1782.43,pdfs\24227b_2025.pdf,2025-05-03,Sucesso,
24228b_2025,2025-04-17,AMERICA SAF - MG,AMAZONAS FC - AM,INDEPENDÊNCIA - BELO HORIZONTE - MG,CAMPEONATO BRASILEIRO SÉRIE B,1269,0,1269,24182.0,101722.47,-77540.47,pdfs\24228b_2025.pdf,2025-05-03,Sucesso,
24229b_2025,2025-04-17,Ferroviária,Atlético Goianiense SAF (GO),Fonte Luminosa,Brasileiro - Série B,1485,0,1485,21870.0,68413.88,-46543.88,pdfs\24229b_2025.pdf,2025-05-03,Sucesso,
2422b_2025,2025-04-04,GOIÁS - GO,AMAZONAS FC - AM,HAILÉ PINHEIRO - GOIANIA - GO,CAMPEONATO BRASILEIRO SÉRIE B,4778,0,4778,66455.0,31289.59,35165.41,pdfs\2422b_2025.pdf,2025-05-03,Sucesso,
24230b_2025,2025-04-17,Botafogo,Remo (PA),Santa Cruz,Brasileiro - Série B,1766,0,1766,44170.0,80680.97,-36510.97,pdfs\24230b_2025.pdf,2025-05-03,Sucesso,
24231b_2025,2025-04-20,ATHLETICO PARANAENSE - PR,CRB - AL,LIGGA ARENA - CURITIBA - PR,CAMPEONATO BRASILEIRO SÉRIE B,16595,0,16595,436815.0,144550.7,292264.23,pdfs\24231b_2025.pdf,2025-05-03,Sucesso,
24232b_2025,2025-04-20,VILA NOVA - GO,BOTAFOGO - SP,ONÉSIO BRASILEIRO ALVARENGA - GOIANIA - GO,CAMPEONATO BRASILEIRO SÉRIE B,4094,412,4506,87570.0,14259.47,73310.53,pdfs\24232b_2025.pdf,2025-05-03,Sucesso,
24233b_2025,2025-04-22,ATLÉTICO GOIANIENSE SAF - GO,CUIABÁ SAF - MT,ANTÔNIO ACCIOLY - GOIANIA - GO,CAMPEONATO BRASILEIRO SÉRIE B,2764,0,2764,31340.0,8538.65,22801.35,pdfs\24233b_2025.pdf,2025-05-03,Sucesso,
24234b_2025,2025-04-21,REMO - PA,CORITIBA S.A.F. - PR,MANGUEIRÃO - BELEM - PA,CAMPEONATO BRASILEIRO SÉRIE B,17223,3676,20899,470380.0,273713.89,196666.11,pdfs\24234b_2025.pdf,2025-05-03,Sucesso,
24235b_2025,2025-04-20,CHAPECOENSE - SC,ATHLETIC SAF - MG,ARENA CONDÁ - CHAPECO - SC,CAMPEONATO BRASILEIRO SÉRIE B,5431,210,5641,149050.0,86929.29,62120.71,pdfs\24235b_2025.pdf,2025-05-03,Sucesso,
24236b_2025,2025-04-19,OPERÁRIO - PR,PAYSANDU - PA,GERMANO KRUGER - PONTA GROSSA - PR,CAMPEONATO BRASILEIRO SÉRIE B,3962,0,3962,74620.0,67781.29,-25746.57,pdfs\24236b_2025.pdf,2025-05-03,Sucesso,
24237b_2025,2025-04-21,AMAZONAS FC - AM,AVAÍ - SC,ARENA DA AMAZÔNIA - MANAUS - AM,CAMPEONATO BRASILEIRO SÉRIE B,2695,1356,4051,32420.0,68668.92,-36248.92,pdfs\24237b_2025.pdf,2025-05-03,Sucesso,
24238b_2025,2025-04-20,AMERICA SAF - MG,GOIÁS - GO,INDEPENDÊNCIA - BELO HORIZONTE - MG,CAMPEONATO BRASILEIRO SÉRIE B,4196,1704,5900,34339.0,103257.5,-68918.5,pdfs\24238b_2025.pdf,2025-05-03,Sucesso,
24239b_2025,2025-04-21,Grêmio Novorizontino,Criciúma (SC),Dr. Jorge Ismael de Biasi,Brasileiro - Série B,2047,0,2047,26755.0,48357.97,-21602.97,pdfs\24239b_2025.pdf,2025-05-03,Sucesso,
2423b_2025,2025-07-04,ATLÉTICO GOIANIENSE SAF - GO,ATHLETIC SAF - MG,ANTÔNIO ACCIOLY - GOIANIA - GO,CAMPEONATO BRASILEIRO SÉRIE B,3697,402,4099,42600.0,9131.5,33468.5,pdfs\2423b_2025.pdf,2025-05-03,Sucesso,
24240b_2025,2025-04-22,VOLTA REDONDA FC,FERROVIÁRIA - SP,Raulino de Oliveira,CAMPEONATO BRASILEIRO SÉRIE B 2025,1093,288,1381,17110.0,51405.04,-34295.04,pdfs\24240b_2025.pdf,2025-05-03,Sucesso,
24241b_2025,2025-04-26,CORITIBA S.A.F. - PR,OPERÁRIO - PR,COUTO PEREIRA - CURITIBA - PR,CAMPEONATO BRASILEIRO SÉRIE B,20921,0,20921,427781.0,226429.27,201351.73,pdfs\24241b_2025.pdf,2025-05-03,Sucesso,
24242b_2025,2025-04-25,VILA NOVA - GO,CHAPECOENSE - SC,ONÉSIO BRASILEIRO ALVARENGA - GOIANIA - GO,CAMPEONATO BRASILEIRO SÉRIE B,6203,258,6461,111640.0,16745.94,94894.06,pdfs\24242b_2025.pdf,2025-05-03,Sucesso,
24243b_2025,2025-04-27,CUIABÁ SAF - MT,FERROVIÁRIA - SP,ARENA PANTANAL - CUIABA - MT,CAMPEONATO BRASILEIRO SÉRIE B,1894,174,2068,23778.0,91432.09,-67654.09,pdfs\24243b_2025.pdf,2025-05-03,Sucesso,
24244b_2025,2025-04-27,PAYSANDU - PA,CRB - AL,MANGUEIRÃO - BELEM - PA,CAMPEONATO BRASILEIRO SÉRIE B,26870,4835,31705,503165.0,242835.78,260329.22,pdfs\24244b_2025.pdf,2025-05-03,Sucesso,
24245b_2025,2025-04-26,AVAÍ - SC,AMERICA SAF - MG,RESSACADA - FLORIANOPOLIS - SC,CAMPEONATO BRASILEIRO SÉRIE B,7141,178,7319,183502.0,196954.47,-13452.47,pdfs\24245b_2025.pdf,2025-05-03,Sucesso,
24246b_2025,2025-04-25,CRICIÚMA - SC,REMO - PA,HERIBERTO HULSE - CRICIUMA - SC,CAMPEONATO BRASILEIRO SÉRIE B,8332,0,8332,168730.0,220200.34,-51470.34,pdfs\24246b_2025.pdf,2025-05-03,Sucesso,
24247b_2025,2025-04-27,AMAZONAS FC - AM,ATLÉTICO GOIANIENSE SAF - GO,CARLOS ZAMITH - MANAUS - AM,CAMPEONATO BRASILEIRO SÉRIE B,1002,0,1002,9010.0,58691.76,-49681.76,pdfs\24247b_2025.pdf,2025-05-03,Sucesso,
24248b_2025,2025-04-27,ATHLETIC SAF - MG,VOLTA REDONDA - RJ,INDEPENDÊNCIA - BELO HORIZONTE - MG,CAMPEONATO BRASILEIRO SÉRIE B,328,69,397,2670.0,137304.93,-134634.93,pdfs\24248b_2025.pdf,2025-05-03,Sucesso,
24249b_2025,2025-04-24,Grêmio Novorizontino,Athletico Paranaense (PR),Dr. Jorge Ismael de Biasi,Brasileiro - Série B,817,0,817,11525.0,53181.45,-41656.45,pdfs\24249b_2025.pdf,2025-05-03,Sucesso,
2424b_2025,2025-04-04,PAYSANDU - PA,ATHLETICO PARANAENSE - PR,MANGUEIRÃO - BELEM - PA,CAMPEONATO BRASILEIRO SÉRIE B,16081,0,16081,374290.0,184129.79,190160.21,pdfs\2424b_2025.pdf,2025-05-03,Sucesso,
24250b_2025,2025-04-28,Botafogo,Goiás (GO),Santa Cruz,Brasileiro - Série B,1840,0,1840,41050.0,87343.57,-46293.57,pdfs\24250b_2025.pdf,2025-05-03,Sucesso,
2425b_2025,2025-04-06,AVAÍ - SC,GREMIO NOVORIZONTINO - SAF - SP,RESSACADA - FLORIANOPOLIS - SC,CAMPEONATO BRASILEIRO SÉRIE B,6129,0,6129,142358.0,184393.07,-42035.07,pdfs\2425b_2025.pdf,2025-05-03,Sucesso,
2426b_2025,2025-04-04,CRICIÚMA - SC,OPERÁRIO - PR,HERIBERTO HULSE - CRICIUMA - SC,CAMPEONATO BRASILEIRO SÉRIE B,7155,0,7155,132300.0,205293.18,-72993.18,pdfs\2426b_2025.pdf,2025-05-03,Sucesso,
2427b_2025,2025-04-05,CRB - AL,CHAPECOENSE - SC,REI PELÉ - MACEIO - AL,CAMPEONATO BRASILEIRO SÉRIE B,4904,1643,6547,41131.0,85427.01,-44296.01,pdfs\2427b_2025.pdf,2025-05-03,Sucesso,
2428b_2025,2025-05-04,AMERICA SAF - MG,BOTAFOGO - SP,INDEPENDÊNCIA - BELO HORIZONTE - MG,CAMPEONATO BRASILEIRO SÉRIE B,2744,0,2744,45334.0,99065.53,-53731.53,pdfs\2428b_2025.pdf,2025-05-03,Sucesso,
2429b_2025,2025-04-06,Ferroviária,Remo (PA),Fonte Luminosa,Brasileiro - Série B,1526,0,1526,26430.0,63730.87,-37300.87,pdfs\2429b_2025.pdf,2025-05-03,Sucesso,
42410b_2025,2025-02-26,GUARANY - RS,ALTOS - PI,ESTRELA D'ALVA - BAGE - RS,COPA DO BRASIL PROFISSIONAL,2378,1140,3518,29595.0,35062.6,-5467.6,pdfs\42410b_2025.pdf,2025-05-03,Sucesso,
42411b_2025,2025-02-27,CEILÂNDIA - DF,CORITIBA S.A.F. - PR,MARIA ABADIA - CEILÂNDIA - DF,COPA DO BRASIL PROFISSIONAL,2669,0,2669,29815.0,38995.87,-9180.87,pdfs\42411b_2025.pdf,2025-05-03,Sucesso,
42412b_2025,2025-02-26,MARACANA - CE,FERROVIÁRIO - CE,DOMINGÃO - HORIZONTE - CE,COPA DO BRASIL PROFISSIONAL,312,849,1161,4081.0,56867.45,-52786.45,pdfs\42412b_2025.pdf,2025-05-03,Sucesso,
42413b_2025,2025-02-19,GAZIN PORTO VELHO - RO,CUIABÁ SAF - MT,ALUIZIO FERREIRA - PORTO VELHO - RO,COPA DO BRASIL PROFISSIONAL,2231,0,2231,104500.0,60985.9,43514.1,pdfs\42413b_2025.pdf,2025-05-03,Sucesso,
42414b_2025,2025-02-19,CAPITAL - DF,PORTUGUESA - RJ,JK - BRASILIA - DF,COPA DO BRASIL PROFISSIONAL,4998,2,5000,64990.0,70768.98,-5778.98,pdfs\42414b_2025.pdf,2025-05-03,Sucesso,
42415b_2025,2025-02-19,SERGIPE - SE,CEARÁ - СЕ,BATISTÃO - ARACAJU - SE,COPA DO BRASIL PROFISSIONAL,0,0,0,0.0,36730.58,-36730.58,pdfs\42415b_2025.pdf,2025-05-03,Sucesso,
42416b_2025,2025-02-26,PARNAHYBA - PI,CONFIANÇA - SE,ALBERTÃO - TERESINA - PI,COPA DO BRASIL PROFISSIONAL,413,0,413,7960.0,37413.64,-29453.64,pdfs\42416b_2025.pdf,2025-05-03,Sucesso,
42417b_2025,2025-02-25,MARINGA FUTEBOL CLUBE S.A.F. - PR,JUVENTUDE - RS,WILLIE DAVIDS - MARINGA - PR,COPA DO BRASIL PROFISSIONAL,7868,0,7868,190620.0,221790.14,-31170.14,pdfs\42417b_2025.pdf,2025-05-03,Sucesso,
42418b_2025,2025-02-26,UNIÃO A. ARAGUAINENSE (TO),AMÉRICA DE NATAL(RN),MIRANDÃO,COPA DO BRASIL - Edição 2025,2599,0,2599,104280.0,86977.56,17302.44,pdfs\42418b_2025.pdf,2025-05-03,Sucesso,
42419b_2025,2025-02-26,CONCORDIA ATLETICO CLUBE - SC,PONTE PRETA - SP,DOMINGOS MACHADO DE LIMA - CONCORDIA - SC,COPA DO BRASIL PROFISSIONAL,1111,191,1302,72540.0,41726.59,30813.41,pdfs\42419b_2025.pdf,2025-05-03,Sucesso,
4241b_2025,2025-02-19,ASA - AL,ATLÉTICO GOIANIENSE SAF - GO,COARACY FONSECA - ARAPIRACA - AL,COPA DO BRASIL PROFISSIONAL,5141,0,5141,90950.0,124745.93,-33795.93,pdfs\4241b_2025.pdf,2025-05-03,Sucesso,
42420b_2025,2025-02-27,Portuguesa Desp,Botafogo (PB),Pacaembu,Copa do Brasil - Profissional,2036,0,2036,89040.0,141883.02,-52843.02,pdfs\42420b_2025.pdf,2025-05-03,Sucesso,
42421b_2025,2025-02-19,SÃO RAIMUNDO - RR,GRÊMIO - RS,CANARINHO - BOA VISTA - RR,COPA DO BRASIL PROFISSIONAL,5000,0,5000,418500.0,135334.84,283165.16,pdfs\42421b_2025.pdf,2025-05-03,Sucesso,
42422b_2025,2025-02-25,BARCELONA DE ILHÉUS - BA,ATHLETIC SAF - MG,WALDOMIRO BORGES - JEQUIE - BA,COPA DO BRASIL PROFISSIONAL,97,0,603,1940.0,42695.81,-40755.81,pdfs\42422b_2025.pdf,2025-05-03,Sucesso,
42423b_2025,2025-02-25,MARANHÃO - MA,VITÓRIA - BA,CASTELÃO - SAO LUIS - MA,COPA DO BRASIL PROFISSIONAL,673,257,930,19400.0,57416.91,-38016.91,pdfs\42423b_2025.pdf,2025-05-03,Sucesso,
42424b_2025,2025-02-19,SANTA CRUZ DE NATAL - RN,NÁUTICO - PE,FRASQUEIRÃO - NATAL - RN,COPA DO BRASIL PROFISSIONAL,336,0,336,11660.0,66817.51,-55157.51,pdfs\42424b_2025.pdf,2025-05-03,Sucesso,
42425b_2025,2025-02-27,SOUSA - PB,RED BULL BRAGANTINO - SP,MARIZÃO - SOUSA - PB,COPA DO BRASIL PROFISSIONAL,3086,250,3336,62420.0,71350.49,-8930.49,pdfs\42425b_2025.pdf,2025-05-03,Sucesso,
42426b_2025,2025-02-26,ORATÓRIO - AP,SÃO JOSÉ - RS,ZERÃO - MACAPA - AP,COPA DO BRASIL PROFISSIONAL,0,0,0,0.0,64082.72,-64082.72,pdfs\42426b_2025.pdf,2025-05-03,Sucesso,
42427b_2025,2025-02-25,OPERÁRIO FUTEBOL CLUBE,CRICIÚMA ESPORTE CLUBE,JACQUEZ DA LUZ,COPA DO BRASIL 2025 - JG27,2747,545,3292,98820.0,65828.96,32991.04,pdfs\42427b_2025.pdf,2025-05-03,Sucesso,
42428b_2025,2025-02-26,SAMPAIO - RR,REMO - PA,CANARINHO - BOA VISTA - RR,COPA DO BRASIL PROFISSIONAL,2109,3414,5523,82127.84,61164.85,20962.99,pdfs\42428b_2025.pdf,2025-05-03,Sucesso,
42429b_2025,2025-02-26,FC CASCAVEL - PR,AMERICA SAF - MG,OLÍMPICO REGIONAL - CASCAVEL - PR,COPA DO BRASIL PROFISSIONAL,1595,0,1595,75326.0,96879.0,-21553.0,pdfs\42429b_2025.pdf,2025-05-03,Sucesso,
4242b_2025,2025-02-26,JEQUIÉ - BA,RETRÔ - PE,WALDOMIRO BORGES - JEQUIE - BA,COPA DO BRASIL PROFISSIONAL,1018,0,1018,30540.0,57484.74,-26944.74,pdfs\4242b_2025.pdf,2025-05-03,Sucesso,
42430b_2025,2025-02-26,Votuporanguense,Aparecidense (GO),Arena Plinio Marin,Copa do Brasil - Profissional,2507,0,2507,41760.0,72457.92,-30697.92,pdfs\42430b_2025.pdf,2025-05-03,Sucesso,
42431b_2025,2025-02-27,Inter Limeira,Vila Nova (GO),Major José Levy Sobrinho,Copa do Brasil - Profissional,1409,0,1409,29025.0,79587.81,-50562.81,pdfs\42431b_2025.pdf,2025-05-03,Sucesso,
42432b_2025,2025-02-20,RIO BRANCO F. C. - ES,AMAZONAS FC - AM,KLEBER ANDRADE - CARIACICA - ES,COPA DO BRASIL PROFISSIONAL,1804,10606,12410,18660.0,48386.93,-29726.93,pdfs\42432b_2025.pdf,2025-05-03,Sucesso,
42433b_2025,2025-02-18,TOCANTINÓPOLIS (TO),ATLÉTICO MINEIRO,RIBEIRÃO,COPA DO BRASIL - Edição 2025,5495,505,6000,291500.0,109841.91,181658.09,pdfs\42433b_2025.pdf,2025-05-03,Sucesso,
42434b_2025,2025-02-19,INDEPENDÊNCIA - AC,MANAUS - AM,ARENA DA FLORESTA - RIO BRANCO - AC,COPA DO BRASIL PROFISSIONAL,1829,1171,3000,37620.0,61833.75,-24213.75,pdfs\42434b_2025.pdf,2025-05-03,Sucesso,
42435b_2025,2025-02-19,TREM - AP,BRUSQUE - SC,ZERÃO - MACAPA - AP,COPA DO BRASIL PROFISSIONAL,0,0,1735,0.0,45544.0,-45544.0,pdfs\42435b_2025.pdf,2025-05-03,Sucesso,
42436b_2025,2025-02-20,OLARIA AC,ABC-RN,Moça Bonita,COPA DO BRASIL 2025,603,99,702,11640.0,40332.19,-28692.19,pdfs\42436b_2025.pdf,2025-05-03,Sucesso,
42437b_2025,2025-02-26,AGUIA DE MARABA - PA,FLUMINENSE - RJ,MANGUEIRÃO - BELEM - PA,COPA DO BRASIL PROFISSIONAL,4455,1355,5810,242860.0,187543.2,55316.8,pdfs\42437b_2025.pdf,2025-05-03,Sucesso,
42438b_2025,2025-02-26,DOURADOS A.C. - MS,CAXIAS - RS,DOURADÃO - DOURADOS - MS,COPA DO BRASIL PROFISSIONAL,1184,0,1184,17585.0,41578.39,-23993.39,pdfs\42438b_2025.pdf,2025-05-03,Sucesso,
42439b_2025,2025-02-25,CEOV OPERÁRIO - MT,SPORT - PE,DUTRINHA - CUIABA - MT,COPA DO BRASIL PROFISSIONAL,1511,241,1752,25215.0,40840.83,-15625.83,pdfs\42439b_2025.pdf,2025-05-03,Sucesso,
4243b_2025,2025-02-19,TUNA LUSO - PA,SAMPAIO CORRÊA - MA,FRANCISCO VASQUES - BELEM - PA,COPA DO BRASIL PROFISSIONAL,914,0,914,11585.0,53420.14,-41835.14,pdfs\4243b_2025.pdf,2025-05-03,Sucesso,
42440b_2025,2025-02-27,RIO BRANCO A. C. SAF - ES,GREMIO NOVORIZONTINO - SAF,KLEBER ANDRADE - CARIACICA - ES,COPA DO BRASIL PROFISSIONAL,7512,11088,18600,86780.0,59452.3,27327.7,pdfs\42440b_2025.pdf,2025-05-03,Sucesso,
42441b_2025,2025-03-12,ATLÉTICO GOIANIENSE SAF - GO,RETRÔ - PE,ANTÔNIO ACCIOLY - GOIANIA - GO,COPA DO BRASIL PROFISSIONAL,2492,195,2687,26055.0,34268.82,-8213.82,pdfs\42441b_2025.pdf,2025-05-03,Sucesso,
42442b_2025,2025-03-13,CSA - AL,TUNA LUSO - PA,REI PELÉ - MACEIO - AL,COPA DO BRASIL PROFISSIONAL,6078,1397,7475,115552.0,115725.04,-173.04,pdfs\42442b_2025.pdf,2025-05-03,Sucesso,
42443b_2025,2025-03-05,NOVA IGUAÇU FC,VASCO DA GAMA SAF,Nilton Santos,COPA DO BRASIL 2025,9351,852,10203,334592.0,689151.43,-354559.43,pdfs\42443b_2025.pdf,2025-05-03,Sucesso,
42444b_2025,2025-03-12,OPERÁRIO - PR,TOMBENSE - MG,GERMANO KRUGER - PONTA GROSSA - PR,COPA DO BRASIL PROFISSIONAL,3690,0,3690,102405.0,65125.61,37279.39,pdfs\42444b_2025.pdf,2025-05-03,Sucesso,
42445b_2025,2025-03-13,ATHLETICO PARANAENSE - PR,GUARANY - RS,LIGGA ARENA - CURITIBA - PR,COPA DO BRASIL PROFISSIONAL,15675,0,15675,417320.0,336434.77,80885.23,pdfs\42445b_2025.pdf,2025-05-03,Sucesso,
42446b_2025,2025-03-12,MARACANA - CE,CEILÂNDIA - DF,MARACANA,COPA DO BRASIL PROFISSIONAL,750,0,750,780.0,68886.51,-68106.51,pdfs\42446b_2025.pdf,2025-05-03,Sucesso,
42447b_2025,2025-03-12,CAPITAL - DF,GAZIN PORTO VELHO - RO,JK - BRASILIA - DF,COPA DO BRASIL PROFISSIONAL,4423,577,5000,56230.0,67042.08,-10812.08,pdfs\42447b_2025.pdf,2025-05-03,Sucesso,
42448b_2025,2025-03-12,CEARÁ - CE,CONFIANÇA - SE,ARENA CASTELÃO - FORTALEZA - CE,COPA DO BRASIL PROFISSIONAL,11996,57,12053,83049.0,146612.34,-63563.34,pdfs\42448b_2025.pdf,2025-05-03,Sucesso,
42449b_2025,2025-03-06,JOGOMARINGA FUTEBOL CLUBE S.A.F. - PR,UNIÃO ATLÉTICO CLUB,WILLIE DAVIDS - MARINGA - PR,COPA DO BRASIL PROFISSIONAL,8060,0,8060,213500.0,235226.16,-21726.16,pdfs\42449b_2025.pdf,2025-05-03,Sucesso,
4244b_2025,2025-02-19,BOAVISTA SC SAF,CSA - AL,Elcyr Resende,COPA DO BRASIL 2025,937,250,1187,7120.0,41383.41,-34263.41,pdfs\4244b_2025.pdf,2025-05-03,Sucesso,
42450b_2025,2025-11-03,BOTAFOGO - PB,CONCORDIA ATLETICO CLUBE - SC,ALMEIDÃO - JOAO PESSOA - PB,COPA DO BRASIL PROFISSIONAL,5231,1012,6243,96522.5,68613.91,27908.59,pdfs\42450b_2025.pdf,2025-05-03,Sucesso,
42451b_2025,2025-03-12,ATHLETIC SAF - MG,GRÊMIO - RS,ARENA SICREDI - SAO JOAO DEL REI - MG,COPA DO BRASIL PROFISSIONAL,3592,8,3600,227850.0,177105.23,50744.77,pdfs\42451b_2025.pdf,2025-05-03,Sucesso,
42452b_2025,2025-03-12,VITÓRIA - BA,NÁUTICO - PE,MANOEL BARRADAS - SALVADOR - BA,COPA DO BRASIL PROFISSIONAL,16754,0,16754,396363.0,324101.24,72261.76,pdfs\42452b_2025.pdf,2025-05-03,Sucesso,
42453b_2025,2025-03-11,Red Bull Bragantino,São José (RS),Nabi Abi Chedid,Copa do Brasil - Profissional,1760,0,1760,39690.0,106097.64,-66407.64,pdfs\42453b_2025.pdf,2025-05-03,Sucesso,
42454b_2025,2025-03-11,REMO - PA,CRICIÚMA - SC,MANGUEIRÃO - BELEM - PA,COPA DO BRASIL PROFISSIONAL,14487,3597,18084,743980.0,377786.34,366193.66,pdfs\42454b_2025.pdf,2025-05-03,Sucesso,
42455b_2025,2025-04-03,APARECIDENSE - GO,FC CASCAVEL - PR,ANIBAL BATISTA DE TOLEDO - APARECIDA DE GOIANIA - GO,COPA DO BRASIL PROFISSIONAL,754,0,754,8235.0,28172.79,-19937.79,pdfs\42455b_2025.pdf,2025-05-03,Sucesso,
42456b_2025,2025-03-13,VILA NOVA - GO,RIO BRANCO F. C. - ES,SERRA DOURADA - GOIANIA - GO,COPA DO BRASIL PROFISSIONAL,7465,0,7465,63665.0,65876.95,-2211.95,pdfs\42456b_2025.pdf,2025-05-03,Sucesso,
42457b_2025,2025-03-05,ATLÉTICO MINEIRO SAF - MG,MANAUS - AM,MINEIRÃO - BELO HORIZONTE - MG,COPA DO BRASIL PROFISSIONAL,15815,139,15954,655610.65,559581.65,96029.0,pdfs\42457b_2025.pdf,2025-05-03,Sucesso,
42458b_2025,2025-03-06,OLARIA AC,BRUSQUE FC - SC,Luso Brasileiro,COPA DO BRASIL 2025,918,99,918,17980.0,43080.02,-25100.02,pdfs\42458b_2025.pdf,2025-05-03,Sucesso,
42459b_2025,2025-03-05,CAXIAS - RS,FLUMINENSE - RJ,CENTENÁRIO - CAXIAS DO SUL - RS,COPA DO BRASIL PROFISSIONAL,4870,0,4870,92165.0,85469.85,6695.15,pdfs\42459b_2025.pdf,2025-05-03,Sucesso,
4245b_2025,2025-02-18,UNIÃO - MT,VASCO DA GAMA S.A.F. - RJ,KLEBER ANDRADE - CARIACICA - ES,COPA DO BRASIL PROFISSIONAL,5594,0,5594,626436.0,153912.75,472523.25,pdfs\4245b_2025.pdf,2025-05-03,Sucesso,
42460b_2025,2025-03-11,CEOV OPERÁRIO - MT,GREMIO NOVORIZONTINO - SAF - S,DUTRINHA - CUIABA - MT,COPA DO BRASIL PROFISSIONAL,1438,400,1838,18165.0,40879.8,-22714.8,pdfs\42460b_2025.pdf,2025-05-03,Sucesso,
42462b_2025,2025-04-29,FLUMINENSE FC,APARECIDENSE - GO,Maracanã,COPA DO BRASIL 2025,85,465,8702,295254.0,706685.87,-411431.87,pdfs\42462b_2025.pdf,2025-05-03,Sucesso,
42464b_2025,2025-04-30,SAF BOTAFOGO,Unknown,Nilton Santos,COPA DO BRASIL 2025,8847,1394,10241,461120.0,707372.27,-246252.27,pdfs\42464b_2025.pdf,2025-05-03,Sucesso,
42468b_2025,2025-04-30,CEARÁ - CE,PALMEIRAS - SP,ARENA CASTELÃO - FORTALEZA - CE,COPA DO BRASIL PROFISSIONAL,44079,124,44079,938192.0,485258.16,452933.84,pdfs\42468b_2025.pdf,2025-05-03,Sucesso,
4246b_2025,2025-02-26,BARCELONA - RO,NOVA IGUAÇU - RJ,ALUIZIO FERREIRA - PORTO VELHO - RO,COPA DO BRASIL PROFISSIONAL,3140,107,410,10395.0,48030.44,-37635.44,pdfs\4246b_2025.pdf,2025-05-03,Sucesso,
42473b_2025,2025-05-01,Santos,CRB (AL),Urbano Caldeira,Copa do Brasil - Profissional,10350,0,10350,555007.5,354081.04,200926.46,pdfs\42473b_2025.pdf,2025-05-03,Sucesso,
42474b_2025,2025-04-30,Grêmio Novorizontino,Corinthians,Dr. Jorge Ismael de Biasi,Copa do Brasil - Profissional,7521,0,7521,665720.0,117854.27,547865.73,pdfs\42474b_2025.pdf,2025-05-03,Sucesso,
4247b_2025,2025-02-26,HUMAITÁ - AC,OPERÁRIO - PR,ARENA DA FLORESTA - RIO BRANCO - AC,COPA DO BRASIL PROFISSIONAL,1483,0,1483,30400.0,46368.53,-19055.99,pdfs\4247b_2025.pdf,2025-05-03,Sucesso,
4248b_2025,2025-02-26,CSE - AL,TOMBENSE - MG,JUCA SAMPAIO - PALMEIRA DOS INDIOS - AL,COPA DO BRASIL PROFISSIONAL,2017,411,2428,30320.0,71236.84,-40916.84,pdfs\4248b_2025.pdf,2025-05-03,Sucesso,
4249b_2025,2025-02-25,POUSO ALEGRE - MG,ATHLETICO PARANAENSE - PR,MANDUZÃO - POUSO ALEGRE - MG,COPA DO BRASIL PROFISSIONAL,4507,5393,9900,124190.0,142098.48,-17908.48,pdfs\4249b_2025.pdf,2025-05-03,Sucesso,
